ID;prenom;nom;age;sexe;email;Téléphone
1;Marylène;Truett;63;Male;lacus@hotmail.com;06.73.04.08.22
2;Séverine;Edworthye;15;Male;proin.vel@gmail.com;+336 78 05 67 01
3;Yénora;Gallelli;42;Male;ante@outlook.fr;06 32 80 89 53
4;Geneviève;Maxwaile;96;Male;fringilla.donec@outlook.com;06 72 47 77 67
5;Eugénie;Eton;92;Male;sed.id@hotmail.com;06.91.02.21.68
6;Zoé;Leband;110;Male;semper.pretium.neque@gmail.com;06.83.62.95.68
7;Marie-hélène;MacCallester;106;Female;augue.porttitor.interdum@gmail.fr;02.23.18.41.65
8;Görel;McLaine;23;Male;eu.nibh@hotmail.com;07.57.88.77.92
9;Léane;Worster;108;Male;id.nunc@protonmail.com;+337.65.48.07.84
10;Eléonore;McCambrois;85;Male;velit.justo@gmail.com;02 82 71 75 16
11;Naëlle;Pinar;64;Male;sagittis.nullam.vitae@icloud.com;06.79.67.07.40
12;Marie-françoise;Greenwell;28;Male;est.congue@gmail.com;+336.16.76.99.71
13;Gösta;Caseri;23;Female;duis.cursus.diam@outlook.fr;02 04 88 56 61
14;Marlène;Surmeyers;67;Female;ligula.eu@gmail.com;+337.95.59.84.66
15;Stéphanie;Buddle;94;Female;eu.dolor.egestas@aol.edu;+337.72.97.74.95
16;Maëlle;Bysh;43;Male;placerat@aol.com;06.99.66.83.78
17;Danièle;Ballentime;99;Male;tincidunt.nunc.ac@icloud.fr;+336 65 40 06 42
18;Bérénice;Gaynsford;110;Female;bibendum.sed@yahoo.com;07 37 20 27 12
19;Cléopatre;Union;81;Male;dui.cum.sociis@hotmail.com;07.45.58.51.51
20;Maéna;Dale;17;Male;tellus.id@aol.edu;06.98.16.13.93
21;Garçon;Ahrendsen;100;Female;egestas.aliquam.nec@protonmail.com;06.70.83.64.86
22;Stéphanie;Abell;68;Female;aliquet.proin.velit@outlook.com;06 45 60 93 68
23;Maïlys;Pirozzi;36;Female;quisque.imperdiet@gmail.com;06 97 93 01 59
24;Adélie;Gunn;43;Male;cubilia.curae@outlook.com;06 49 21 82 71
25;Mylène;Bunning;108;Male;in@yahoo.edu;+337.27.34.48.03
26;Solène;Fautley;23;Male;eget.nisi@gmail.com;06.69.56.52.50
27;Mélissandre;Ioselev;110;Female;tincidunt.orci.quis@gmail.com;07.69.56.49.56
28;Mélys;Becraft;28;Female;nunc.mauris@icloud.com;06.45.59.14.34
29;Gösta;Klaaassen;88;Female;dis.parturient@outlook.com;07.05.65.26.87
30;Félicie;Ubanks;88;Female;tristique.ac.eleifend@gmail.com;+337.54.64.65.79
31;Méline;Emmens;59;Female;nisi@gmail.com;07 00 62 87 98
32;Océane;Fareweather;72;Female;lorem.lorem@gmail.edu;07 28 25 89 41
33;Marie-françoise;Torricina;37;Male;aliquet.molestie@gmail.com;06.67.59.94.50
34;Cloé;Gogie;89;Male;metus.sit@gmail.com;07.70.04.23.92
35;Maï;Denver;20;Male;dui.in@gmail.com;06 78 14 36 48
36;Athéna;Stobbie;38;Male;laoreet.ipsum.curabitur@hotmail.com;06.44.51.19.13
37;Mélia;Barns;32;Female;interdum@gmail.edu;+337 14 77 72 91
38;Cinéma;Siddele;103;Male;diam.at.pretium@yahoo.fr;06.37.32.32.96
39;Kù;Friatt;37;Male;nonummy.ut@outlook.fr;06.12.14.36.25
40;Vénus;Mumbey;110;Female;tempus@yahoo.edu;02.28.07.66.64
41;Noëlla;Huws;107;Female;arcu.vel@hotmail.com;+336.74.77.19.89
42;Célia;Birdsey;105;Male;molestie.tellus.aenean@icloud.com;+336.82.91.74.18
43;Yénora;Marchenko;60;Female;nec.eleifend@outlook.fr;+336.25.76.12.82
44;Cécile;Stelfox;28;Female;enim.sed.nulla@gmail.com;07 04 91 08 90
45;Magdalène;Dyet;66;Male;malesuada.vel.venenatis@outlook.edu;06 32 34 15 31
46;Mélanie;Swinburne;88;Male;commodo.hendrerit@hotmail.fr;06 69 94 57 74
47;Dù;Gonzalo;105;Female;dictum.eleifend@icloud.edu;02 22 33 53 57
48;Cécilia;Andryushchenko;90;Female;orci@gmail.com;07.06.06.40.98
49;Andréanne;Gohier;57;Female;risus.quisque@protonmail.com;+336 43 18 17 68
50;Aí;Draysay;24;Female;bibendum.donec@aol.edu;02 79 92 15 24
51;Maëline;Everley;58;Female;augue.malesuada@gmail.com;06.33.36.02.22
52;Angélique;Flaunier;23;Male;dui.in@outlook.fr;06.10.24.16.95
53;Mélodie;Iddons;87;Male;nulla.facilisis@gmail.edu;07 08 57 16 21
54;Laurélie;Valerio;103;Male;vivamus@gmail.fr;07.20.67.11.84
55;Régine;Whyman;54;Female;rutrum@gmail.com;06 04 58 53 68
56;Andréanne;Pomphrett;52;Female;posuere.vulputate@gmail.com;02.58.60.42.23
57;Lèi;Proswell;60;Male;vitae.aliquam@gmail.com;06.17.22.17.82
58;Méline;Kerins;51;Female;ridiculus.mus@gmail.edu;+337 38 58 52 34
59;Simplifiés;Cissen;71;Female;et.magna@gmail.com;+337.94.63.90.80
60;Méryl;Yushkov;52;Female;nonummy.ultricies.ornare@outlook.edu;06 18 37 75 14
61;Aloïs;Emmott;104;Male;risus.duis@aol.com;+336.32.21.45.83
62;Åke;Spadoni;97;Male;consequat@outlook.com;06 69 22 37 51
63;Eloïse;Ludovici;101;Male;bibendum@hotmail.com;06 28 50 38 43
64;Faîtes;Grinnikov;33;Female;dui@icloud.fr;06 24 29 88 71
65;Sòng;Gallemore;51;Female;duis.gravida@aol.com;06 44 53 56 83
66;Illustrée;Laytham;62;Male;diam.vel@gmail.com;+337 17 36 24 31
67;Andrée;Castagnasso;101;Male;nunc.nulla.vulputate@outlook.com;06 86 91 38 08
68;Régine;Walczak;109;Female;dignissim.pharetra@gmail.edu;+336.61.74.54.17
69;Sélène;aManger;27;Male;luctus.ut@outlook.com;+336 01 17 85 90
70;Cunégonde;Carlisso;58;Female;ligula.elit.pretium@outlook.com;02 56 37 91 62
71;Geneviève;Hundall;27;Female;libero.at@gmail.com;06.70.97.92.46
72;Cinéma;McCaughan;29;Male;proin@gmail.edu;06.32.07.23.31
73;Naëlle;Connors;73;Female;a.odio@gmail.com;06.88.65.63.13
74;Pénélope;Fallens;39;Female;sed.malesuada.augue@gmail.com;06 98 71 19 31
75;Wá;Pashenkov;57;Male;nam@gmail.com;02 32 38 99 28
76;Gaétane;de Merida;34;Male;vivamus.rhoncus@gmail.fr;06 37 22 71 02
77;Naéva;Vayro;94;Male;tempus.risus@hotmail.com;+337.14.40.34.63
78;Anaïs;Beamish;54;Male;elit.pharetra@hotmail.edu;+337 14 41 63 55
79;Zhì;Cory;99;Female;lectus.convallis.est@icloud.com;06.78.80.24.59
80;Bérénice;Beckham;20;Female;ligula.elit.pretium@gmail.com;+336.51.35.37.18
81;Lài;Ansill;59;Male;tempor@aol.com;+336.56.68.01.55
82;Maïlis;Pover;33;Female;dui.nec@gmail.com;+336 60 28 28 77
83;Pélagie;Grumble;77;Male;commodo.tincidunt.nibh@gmail.com;06 90 27 06 07
84;Angélique;Cadden;101;Male;quam@yahoo.com;06.31.48.49.43
85;Marie-hélène;Nevet;109;Female;in.faucibus.orci@outlook.com;+336.13.92.00.04
86;Táng;Fourman;82;Female;dapibus.ligula@outlook.com;06 36 58 20 01
87;Lèi;Eilhermann;19;Male;ornare.libero@outlook.com;06 02 04 17 47
88;Célia;Mabbutt;68;Male;urna@gmail.edu;06 81 17 74 49
89;Åsa;Domico;81;Male;neque.sed@gmail.com;06.20.40.97.99
90;Aí;Polin;70;Male;mauris.eu@gmail.com;+337 11 01 59 87
91;Mélinda;Palle;82;Female;nullam.feugiat@gmail.edu;07 43 87 78 61
92;Måns;Gemelli;30;Female;sed.pede@gmail.com;+337.58.09.67.75
93;Aloïs;Crellim;72;Male;in.magna@hotmail.com;06.55.71.79.57
94;Mélanie;Stickings;75;Male;velit.quisque@icloud.fr;+336.49.48.78.58
95;Cécile;Newbegin;104;Male;elit.curabitur@gmail.edu;02 20 97 09 64
96;Maïté;Bowman;53;Male;fusce.fermentum.fermentum@gmail.fr;+337 77 16 52 17
97;Célia;Gidley;25;Female;quam.vel@hotmail.com;02.52.78.09.66
98;Félicie;Duker;38;Male;dolor.nonummy@hotmail.com;+336 47 76 15 80
99;Léa;Sabbatier;55;Male;morbi.accumsan.laoreet@gmail.fr;06 76 99 14 19
100;Gérald;O'Dunneen;66;Female;adipiscing@outlook.edu;06 74 30 01 31
101;Michèle;Bloxsum;95;Male;nunc@aol.com;+337.48.84.80.53
102;Aloïs;Sivewright;60;Male;ullamcorper.viverra@outlook.com;06.85.27.92.05
103;Táng;Schultz;110;Male;auctor.vitae@aol.fr;06.33.74.37.81
104;Pélagie;Ryrie;107;Female;lectus@yahoo.com;06 47 45 56 73
105;Lén;Darleston;68;Female;aliquet.odio@icloud.com;+336.19.76.52.06
106;Maëlla;Runciman;33;Male;eu.dui@aol.com;06.31.57.75.73
107;Laurélie;Sagrott;58;Male;penatibus@hotmail.fr;+336.08.78.42.96
108;Märta;Flannigan;28;Male;arcu.curabitur@outlook.edu;+336 32 27 81 87
109;Cléopatre;Haburne;101;Female;leo.cras@yahoo.com;07 31 77 15 43
110;Loïc;Bradden;17;Female;tincidunt@gmail.com;06 37 25 68 62
111;Mahélie;Euels;90;Male;eget.laoreet_55@outlook.com;+337 37 91 34 81
112;Maï;Chidler;24;Female;magna.nec@outlook.com;+337.27.61.67.45
113;Léonore;Grenshields;55;Male;interdum.nunc.sollicitudin@gmail.com;07.54.35.78.62
114;Lóng;Dunbobbin;79;Male;ligula@gmail.com;06 37 07 45 89
115;Kévina;Ryley;38;Male;id.mollis.nec@gmail.fr;+337.17.54.24.50
116;Méng;Mews;61;Female;augue@outlook.fr;07 62 86 26 00
117;Zhì;Tuvey;34;Female;non.vestibulum@yahoo.com;06 79 39 76 27
118;Adélaïde;Feehily;21;Male;netus.et@hotmail.edu;+336.28.40.09.81
119;Josée;Simonich;38;Female;praesent@gmail.com;06 48 91 16 73
120;Publicité;McNysche;52;Female;duis.at.lacus@protonmail.edu;+336 91 14 48 45
121;Félicie;Dybell;68;Female;ante.dictum@outlook.com;+336.62.26.95.71
122;Marie-thérèse;Scarre;49;Female;lorem.auctor@gmail.fr;02 85 05 21 43
123;Faîtes;Kernoghan;106;Female;dui@outlook.edu;06 76 36 59 73
124;Mélinda;Probart;22;Male;risus.duis@outlook.com;+336.61.41.99.59
125;Joséphine;Gerty;31;Male;gravida@icloud.com;+336.27.22.27.42
126;Bérénice;Toffano;36;Male;nunc.interdum.feugiat@hotmail.fr;06 19 75 22 12
127;Véronique;Rilings;15;Male;eu.odio@yahoo.com;06.43.86.25.44
128;Ophélie;Bellis;75;Male;convallis.ante@gmail.com;07 00 20 94 05
129;Audréanne;Helleker;47;Female;erat.eget@aol.com;+336.05.54.77.13
130;Maïwenn;Cappineer;46;Male;amet@outlook.fr;07 45 23 22 12
131;Vérane;Ream;42;Male;iaculis.lacus.pede@outlook.com;06 75 41 52 10
132;Marylène;Rulton;67;Female;integer.id@hotmail.edu;+337.78.24.64.60
133;Åslög;Paige;63;Female;lorem.semper@outlook.com;06.06.84.30.21
134;Anaé;Dinsey;20;Female;pellentesque.ultricies@gmail.fr;06 92 51 14 53
135;Marie-françoise;Mauro;73;Male;felis@yahoo.fr;06 12 33 87 20
136;Gérald;Spencers;66;Female;turpis.vitae@gmail.com;+337 80 46 57 61
137;Dafnée;Kleinstein;52;Female;egestas.fusce@gmail.fr;06 36 14 42 89
138;Mélys;Cheesworth;85;Female;elit.pretium@gmail.com;+337.12.33.89.25
139;Mégane;Duddin;83;Male;tellus.sem.mollis@aol.com;+336.52.59.07.05
140;Bérénice;Lawdham;31;Female;aliquam@gmail.com;02.45.17.76.90
141;Mylène;Binding;58;Male;laoreet.libero@hotmail.edu;06 61 79 57 35
142;Dorothée;Danielut;69;Female;nostra@gmail.com;06 65 74 66 25
143;Dà;Eastway;37;Male;tortor.nibh.sit@protonmail.fr;06 55 54 87 42
144;Maëlle;Mowen;102;Female;dolor@gmail.edu;02.33.27.65.74
145;Maëlann;Petrakov;44;Female;dignissim@outlook.com;07 98 72 24 99
146;Styrbjörn;Seckington;45;Female;tincidunt@outlook.com;07 00 29 21 66
147;Agnès;Swindon;83;Male;mauris.vel@outlook.com;02.45.33.53.01
148;Andréanne;Husband;110;Male;aliquam.rutrum99@outlook.com;06 36 88 03 42
149;Yóu;Kilcoyne;76;Male;montes.nascetur@aol.com;+337 24 57 89 74
150;Cléopatre;Ponter;106;Female;integer@gmail.edu;06.70.68.55.23
151;Lén;Pothbury;28;Male;et.libero@gmail.edu;07 67 23 72 26
152;Pò;Sneath;85;Male;cras.interdum@outlook.fr;06 49 40 52 75
153;Maïté;Szwandt;60;Female;ipsum.dolor@aol.com;06.27.19.53.68
154;Yú;Montrose;41;Female;lacus.varius@yahoo.fr;02.09.15.03.81
155;Aloïs;Philipsson;101;Female;est.nunc@gmail.com;06 24 97 51 55
156;Sòng;Feathersby;24;Male;sit.amet.consectetuer@icloud.com;06.54.47.78.99
157;Mahélie;Kliment;24;Female;et.malesuada.fames@gmail.com;06 00 63 46 10
158;Maïlis;Worvill;47;Female;nam@gmail.edu;06.63.70.55.16
159;Marylène;Gillimgham;81;Male;mi@protonmail.com;06 41 68 13 65
160;Marie-thérèse;Markson;109;Female;sed.dictum@gmail.com;+336 89 30 36 38
161;Aimée;Dunniom;15;Male;magna@hotmail.fr;06 15 93 50 20
162;Estève;Reinbach;94;Male;mi.eleifend@gmail.fr;02 61 28 13 26
163;Táng;Voas;96;Male;mauris@gmail.com;02 55 93 72 66
164;Camélia;McCome;105;Male;phasellus@gmail.com;02.59.85.44.09
165;Léone;Stivens;15;Female;congue@gmail.com;06 51 12 74 64
166;Frédérique;Hugill;50;Male;vitae@protonmail.com;06 36 47 34 88
167;Pål;Elcoux;77;Female;diam@yahoo.edu;02.04.04.87.51
168;Judicaël;Tosspell;94;Female;eu.placerat@gmail.com;02.93.09.64.86
169;Magdalène;Mudd;87;Female;porttitor.tellus.non@gmail.com;07.96.77.01.33
170;Pénélope;Broader;39;Male;lorem@gmail.fr;02 98 26 71 87
171;Gaétane;Turn;106;Female;maecenas.malesuada_29@outlook.fr;06.45.90.70.19
172;Laurène;Baudy;98;Female;vivamus.non@icloud.edu;+337 05 73 10 62
173;Sélène;Biner;19;Female;nulla.donec@gmail.com;06.79.35.05.51
174;Marie-noël;Dedham;106;Male;augue.ac@outlook.com;02 40 54 23 03
175;Marlène;Arnaudin;26;Female;diam.luctus@outlook.com;07.64.89.38.42
176;Léone;Brosel;97;Male;nascetur.ridiculus@outlook.fr;+336.06.01.42.52
177;Eléonore;Hourahan;21;Male;egestas@yahoo.com;07 29 79 63 62
178;Stéphanie;Lamb-shine;66;Male;eleifend.egestas@icloud.com;+337 18 50 23 22
179;Mégane;Slowan;104;Male;euismod.mauris.eu@icloud.com;02 92 39 34 92
180;Cléa;Vacher;49;Female;non.enim@gmail.edu;06.17.55.09.62
181;Séverine;Naulls;50;Female;nunc.risus.varius@gmail.edu;06.87.03.75.37
182;Noémie;Warfield;72;Male;feugiat.lorem@gmail.com;06.61.87.71.42
183;Solène;Braley;16;Female;ac.metus@gmail.fr;06 07 20 00 66
184;Annotée;Hurst;66;Female;facilisis.magna@protonmail.com;06 43 04 24 35
185;Bérangère;Falloon;59;Female;ac.orci@gmail.edu;06.12.14.84.05
186;Célia;Mallard;22;Female;natoque.penatibus@yahoo.com;06.93.89.78.43
187;Valérie;Lanfranchi;25;Female;urna@aol.com;06 24 17 54 43
188;Célia;Bassill;109;Male;lorem.ipsum@gmail.fr;02 91 78 32 66
189;Salomé;Archibald;70;Female;montes.nascetur@gmail.fr;02 74 03 03 99
190;Estève;Boden;78;Male;id.sapien@gmail.com;06 63 87 93 99
191;Inès;Oades;21;Male;tincidunt.aliquam@gmail.com;02 67 25 51 67
192;Marie-hélène;Doddrell;92;Female;aliquam.erat@yahoo.edu;06 14 63 33 67
193;Françoise;Rodenburg;71;Male;tempor.diam.dictum@gmail.com;02.57.77.56.02
194;Lyséa;Eslie;47;Female;blandit@icloud.edu;06 25 95 97 14
195;Josée;Burchatt;93;Male;tempor.diam.dictum@outlook.com;06 49 24 63 61
196;Océanne;Polk;94;Female;dictum.phasellus@outlook.com;06.71.64.96.22
197;Stévina;Croom;25;Female;luctus.curabitur@hotmail.com;+336.00.36.10.56
198;Maëlann;Goodwyn;16;Male;sapien.cursus.in@protonmail.com;02.50.63.51.35
199;Jú;Goodlife;38;Female;facilisis.non.bibendum@gmail.edu;06.81.93.28.30
200;Cécilia;Sowrah;31;Male;et.nunc.quisque@outlook.com;+337 60 35 73 37
201;Maïté;Toppes;20;Male;dis.parturient@gmail.com;06 60 94 05 69
202;Göran;Gonzalez;35;Female;et.lacinia.vitae@gmail.com;06.66.43.01.56
203;Mylène;Dyerson;30;Male;at.arcu@gmail.com;07 11 54 10 69
204;Ráo;Kamall;66;Male;mi.ac.mattis@outlook.fr;06.14.88.64.83
205;Vénus;Caston;48;Male;fusce.aliquet.magna@gmail.com;06 02 94 48 64
206;Géraldine;Linkleter;72;Male;venenatis@outlook.com;+336.87.46.37.18
207;Noëlla;Bootherstone;47;Female;laoreet.lectus.34@yahoo.com;06 90 28 15 57
208;Mylène;Hackin;105;Male;eleifend.non@yahoo.com;+336.83.93.64.18
209;Mà;Jaeggi;58;Male;vitae.orci@outlook.com;06 43 29 19 76
210;Solène;Drewitt;102;Male;purus.maecenas.libero@protonmail.com;06 71 88 36 21
211;Rachèle;Sanders;27;Male;nunc.nulla.vulputate@outlook.edu;07 14 81 83 17
212;Clémence;Urey;84;Female;quam.dignissim@aol.com;06.75.73.71.64
213;Marie-françoise;Cosley;26;Male;dignissim.maecenas@outlook.com;+337 89 08 09 76
214;Mélia;Conibear;43;Male;at.nisi.cum@gmail.com;07 12 81 36 42
215;Andréa;Astin;106;Male;vehicula.aliquet.libero@icloud.com;06.20.91.63.25
216;Uò;Stampe;53;Male;ornare.elit@icloud.com;06 48 03 68 72
217;Dorothée;Simpkins;30;Female;ullamcorper.velit@icloud.fr;06.72.14.55.19
218;Simplifiés;Asch;89;Male;enim.commodo.hendrerit@gmail.com;06.22.21.03.79
219;Mélanie;Gillbey;82;Male;dolor.sit@gmail.fr;06.48.05.18.76
220;Léandre;Markussen;16;Male;ipsum@gmail.com;07 94 23 70 88
221;Anaïs;Buffham;90;Male;aliquam@gmail.com;07 22 46 44 57
222;Yú;Sherringham;34;Male;eleifend.non@outlook.com;06 07 42 59 72
223;Françoise;Vennart;41;Male;non.lobortis@gmail.edu;06 59 28 37 50
224;Mélinda;Gatchell;22;Male;varius.et@icloud.fr;06.92.35.56.51
225;Océanne;Keppy;32;Female;dapibus@gmail.com;06 81 23 36 79
226;Audréanne;Viscovi;100;Male;nisi.dictum@hotmail.com;07 93 87 58 44
227;Léa;Birdfield;107;Male;sem.elit.pharetra@gmail.com;02 03 12 24 90
228;Maéna;Pulfer;81;Female;id@yahoo.com;06 08 24 09 90
229;Zhì;Wyer;31;Female;consequat.auctor@yahoo.com;02.06.74.43.31
230;Célestine;Wassung;110;Male;arcu.vivamus@gmail.fr;06 59 22 26 39
231;Céline;Sammut;47;Male;tincidunt.pede.ac@aol.com;07.30.20.20.58
232;Séréna;Cinderey;56;Female;nullam@gmail.edu;06.86.62.14.38
233;Angélique;Cochern;59;Male;vel.20pede.blandit@aol.com;06 50 78 90 35
234;Hélèna;Measham;50;Male;cras@outlook.com;06 52 20 05 76
235;Réservés;Convery;18;Male;mi.pede.nonummy@protonmail.edu;+336 65 85 23 30
236;Anaël;Longfoot;63;Male;phasellus.libero@outlook.com;07 52 64 73 01
237;Anaé;Salthouse;56;Female;feugiat@gmail.com;02.60.43.69.93
238;Åsa;Fernez;73;Female;elit.nulla@icloud.com;+337 86 10 38 34
239;Néhémie;Stelfax;76;Female;aliquet.nec@outlook.com;+336.07.16.16.62
240;Frédérique;Skellington;67;Female;faucibus@gmail.com;07.84.18.13.53
241;Simplifiés;Salerg;46;Female;sagittis.augue77@yahoo.edu;02.26.55.01.53
242;Åke;Dawtry;44;Male;sem@gmail.fr;02.28.16.81.85
243;Alizée;Grishenkov;58;Female;velit.sed@outlook.com;+337 74 49 00 03
244;Cléa;Brownsey;46;Male;nec.eleifend@yahoo.fr;07 37 31 99 37
245;Joséphine;Wingeatt;67;Male;hymenaeos.mauris@outlook.com;06 58 93 54 22
246;Marylène;Inmett;76;Female;vel.mauris@icloud.com;07.43.60.62.52
247;Mélia;Chittleburgh;95;Female;quisque.libero@outlook.edu;02 52 94 29 12
248;Sélène;Rubenov;22;Female;nunc.mauris@hotmail.com;06.61.75.88.85
249;Maïly;Ord;110;Female;sed@outlook.com;07 39 83 42 58
250;Dorothée;Bertolin;17;Female;lectus.ante@gmail.com;+336.02.27.76.93
251;Maïly;Downey;92;Male;posuere.at.velit@gmail.com;+336.13.56.75.62
252;Andréanne;Drepp;48;Female;risus.donec.nibh@icloud.com;02 75 52 63 89
253;Mélanie;Berthelet;25;Female;sociis@gmail.com;06.48.44.07.53
254;Publicité;Schoenleiter;36;Female;et.ultrices@gmail.com;06.12.10.73.34
255;Ráo;Sawdy;15;Female;quis@outlook.com;06 56 70 36 54
256;Maïlys;Luckcuck;27;Male;tincidunt.adipiscing@gmail.com;07 48 04 01 49
257;Léonie;Fattore;63;Female;enim.curabitur@protonmail.com;06.85.03.38.55
258;Pò;Caldecott;75;Female;sociis@aol.com;06 20 44 44 12
259;Loïca;Seywood;95;Female;integer@gmail.fr;07.02.43.29.91
260;Adélie;Manhood;64;Female;interdum@outlook.com;02.43.94.17.42
261;Néhémie;Patrie;91;Female;ut.eros@outlook.com;06.46.58.59.60
262;Estée;Shovlar;43;Male;mollis@outlook.com;06.57.66.75.21
263;Dù;Killelay;67;Male;vivamus.non.lorem@yahoo.com;06 92 19 60 87
264;Laurène;Beetlestone;104;Male;rhoncus.nullam@outlook.com;+336.50.87.34.82
265;Maëlann;Roels;73;Male;bibendum.sed@gmail.com;06.51.05.28.90
266;Laïla;Kimmings;37;Female;pellentesque.ut@gmail.com;07.67.69.53.87
267;Illustrée;Doutch;73;Male;semper@outlook.fr;06 03 46 92 58
268;Fèi;Fullman;15;Female;sodales.at.velit@protonmail.com;06 98 88 87 57
269;Lén;Meininger;36;Female;nullam.velit@hotmail.com;+337 54 96 20 57
270;André;Moncey;18;Male;quisque.fringilla@icloud.edu;06 10 58 17 63
271;Örjan;Nials;98;Female;aliquam.gravida.mauris@gmail.com;07.06.95.86.73
272;Naëlle;McGriele;29;Female;luctus@gmail.com;+337 29 16 75 69
273;Uò;Dablin;46;Female;tortor@outlook.com;02 42 95 60 45
274;Maïwenn;Peeke-Vout;46;Female;senectus.et@gmail.com;06 45 92 29 82
275;Méline;Haffenden;49;Male;magna.cras@gmail.fr;06.53.16.50.63
276;Maëline;Ebbutt;107;Female;vitae.posuere@outlook.com;+336.29.23.18.12
277;Ráo;Podd;37;Female;phasellus.nulla@protonmail.edu;06 74 09 40 82
278;Méline;Shanley;76;Female;curabitur@outlook.edu;06.11.65.59.16
279;Cloé;Aucoate;46;Female;et.malesuada@outlook.edu;+336 45 62 00 88
280;Laïla;Le Port;22;Female;cursus.non.egestas@gmail.com;06 13 97 95 49
281;Mylène;Stirzaker;32;Male;semper@icloud.com;06.20.02.47.66
282;Ráo;McGilben;77;Female;lorem.semper.auctor@hotmail.com;06 77 43 20 18
283;Sòng;Claeskens;73;Female;nulla@protonmail.com;+337 12 31 96 42
284;Anaïs;Glisenan;77;Male;euismod.ac.fermentum@aol.fr;07.40.64.50.08
285;Fèi;Klarzynski;104;Male;metus@aol.com;06 48 00 11 04
286;Célia;Delcastel;81;Female;nam.consequat@gmail.com;02.84.18.70.17
287;Maëly;Chick;77;Male;velit.aliquam@outlook.edu;02 94 56 44 86
288;Adèle;Nickolls;49;Female;mollis@protonmail.com;06.73.88.74.86
289;Björn;Barthelme;49;Male;at.egestas@gmail.com;+336.33.92.27.18
290;Mà;Shemmans;109;Female;mattis.semper@yahoo.com;02.58.19.94.08
291;Eloïse;Wickett;102;Female;nulla.ante-80@gmail.com;02 88 68 17 01
292;Salomé;Shower;31;Female;duis.risus@gmail.com;06.71.89.18.19
293;Méline;O'Hannigan;69;Female;eros@hotmail.edu;+337.73.96.98.10
294;Léane;d'Escoffier;64;Male;commodo.at.libero@gmail.fr;+336 75 82 84 20
295;Kévina;Fettiplace;25;Male;arcu.vestibulum.ante@gmail.com;02.36.06.48.37
296;Garçon;Marriott;40;Female;diam.sed@hotmail.com;+337.40.07.42.46
297;Léandre;Rimmer;88;Female;morbi.tristique@gmail.com;07.99.23.61.49
298;Gaïa;Fear;80;Male;in.nec.orci@gmail.com;06 63 90 23 72
299;Léa;Sycamore;91;Male;molestie.pharetra.nibh@gmail.edu;+336.93.42.50.97
300;Anaé;Eaves;90;Male;ut.nulla@outlook.com;06.73.68.17.21
301;Ráo;Downton;47;Female;enim.diam@yahoo.com;+336 63 59 90 09
302;Estève;Melluish;92;Female;donec-sol-12@gmail.fr;07.31.60.76.39
303;Kuí;Mizzen;71;Female;justo@aol.com;+337.21.09.52.11
304;Esbjörn;Coffee;16;Female;phasellus.ornare@aol.com;06 94 30 95 73
305;Céline;Lampkin;72;Female;semper.cursus@yahoo.com;06.51.84.82.06
306;Laïla;Clews;46;Female;semper@gmail.com;06 63 21 25 79
307;Valérie;Kunneke;31;Female;integer.eu@gmail.com;+336 96 24 24 93
308;Cléa;Meriton;33;Female;euismod.est@yahoo.com;+337.07.66.02.89
309;Magdalène;Giannoni;87;Female;faucibus.orci@icloud.fr;06 96 66 19 81
310;Vérane;Martinie;40;Female;elit@gmail.com;06 37 75 65 96
311;Salomé;Cuell;24;Female;eu.odio@outlook.com;+337.42.03.68.85
312;Edmée;Gulley;75;Female;nisi.mauris.nulla@gmail.fr;06.48.25.35.12
313;Adèle;Courtliff;108;Male;facilisis.magna.tellus@gmail.com;07 55 61 94 27
314;Andrée;Sawkins;54;Female;scelerisque.neque@gmail.com;02 87 67 39 15
315;Maïté;Crapper;69;Female;donec.tempus@protonmail.fr;06 57 13 09 28
316;Desirée;Sighard;41;Male;tempor.augue@gmail.com;+337 50 23 74 53
317;Séréna;Staniford;50;Male;mauris@icloud.com;02.01.52.39.41
318;Torbjörn;Haggart;29;Male;risus.duis@icloud.fr;02 86 80 93 16
319;Françoise;Tolefree;108;Female;lorem.luctus@aol.com;06.13.96.77.39
320;Agnès;Hast;56;Male;aliquam.nec@icloud.com;+337.27.40.09.43
321;Erwéi;Gander;37;Male;sed.sapien@gmail.edu;02.04.89.76.12
322;Örjan;Billanie;79;Male;mauris.magna.duis@gmail.fr;+336.78.81.47.21
323;Léonore;O'Rourke;86;Female;nunc@gmail.com;07.38.96.03.47
324;Estée;Posse;82;Male;tincidunt.neque@gmail.com;+337.32.14.78.79
325;Réservés;Jacmard;39;Female;lorem.ipsum@gmail.com;+337.82.70.98.19
326;Solène;McCully;95;Female;semper.auctor.mauris@gmail.com;06 11 03 04 52
327;Hélène;Percifull;48;Female;ultricies.sem@gmail.fr;06 15 40 46 41
328;Bécassine;Yuryev;20;Female;proin.mi.aliquam@outlook.com;06.59.89.32.26
329;Mélys;Marryatt;93;Male;ut.nec@icloud.com;07 06 63 47 28
330;Anaé;Bisatt;23;Male;nulla.donec@outlook.fr;02 79 28 74 22
331;Lauréna;Kenford;44;Female;libero.nec.ligula@aol.edu;07.06.48.47.33
332;Maëlle;Greetham;22;Male;eros.nec.tellus@gmail.com;02.70.64.86.86
333;Séverine;Denzilow;29;Male;tellus@hotmail.com;06.44.45.06.01
334;Mahélie;Worham;24;Male;mauris.eu.elit@gmail.com;+337 47 15 60 45
335;Lài;Driver;55;Female;non.arcu.vivamus@outlook.edu;07.14.97.32.51
336;Géraldine;Icom;73;Male;eros.nec.tellus@outlook.com;07 56 33 37 36
337;Anaïs;Lunt;53;Female;at@yahoo.com;+336 57 77 83 35
338;Edmée;Harpin;53;Male;sit.amet@protonmail.com;06.30.47.46.40
339;Thérèse;Nudds;29;Female;scelerisque.neque@gmail.fr;+337 71 39 18 46
340;Lài;Loggie;29;Male;eu@outlook.com;06.06.76.45.45
341;Cécilia;Hawthorn;110;Female;convallis@gmail.com;06.26.79.60.49
342;Eloïse;McWhorter;17;Male;maecenas.ornare@icloud.com;02 52 97 92 64
343;Angèle;Stonary;98;Female;in.felis@gmail.com;+337.83.89.68.47
344;Miléna;Hunston;78;Male;pellentesque.habitant@gmail.fr;06.69.07.62.73
345;Göran;Gebuhr;63;Female;convallis_ligula@protonmail.edu;+337 23 53 29 83
346;Léone;Catterick;70;Female;lacus.vestibulum@yahoo.com;06 05 08 29 31
347;Geneviève;Bockler;63;Male;penatibus@gmail.fr;06 76 36 43 28
348;Bécassine;Odgers;42;Male;nunc@gmail.edu;+337 95 41 28 88
349;Maëlyss;Heindle;85;Male;tellus@gmail.edu;06 87 07 09 57
350;Marie-noël;Tireman;66;Male;donec@outlook.com;02 20 20 04 24
351;Torbjörn;Rice;69;Female;nec.urna@gmail.com;06.30.91.61.85
352;Laïla;Slatford;46;Female;euismod.ac@gmail.com;06 38 95 92 49
353;Cléa;Wildin;35;Male;lacinia.sed@outlook.edu;07 91 17 20 76
354;Magdalène;Swynfen;92;Female;quisque@gmail.edu;07 96 26 64 00
355;Dafnée;Whitford;69;Male;ridiculus@gmail.com;06 91 64 03 57
356;Mélanie;Volet;53;Female;urna.vivamus@protonmail.edu;+336 81 46 22 64
357;Maïly;Musgrave;38;Female;magna.et@yahoo.fr;07.79.49.82.21
358;Mélodie;Lie;21;Male;nullam@yahoo.com;07.74.48.70.63
359;Marie-noël;Danne;101;Female;in.nec.orci@outlook.com;+337 61 92 95 77
360;Méghane;Santarelli;105;Female;nascetur.ridiculus.mus@protonmail.com;07.12.59.63.92
361;Bécassine;Heap;105;Male;nascetur.ridiculus@gmail.com;06 58 94 90 78
362;Noëlla;Borg-Bartolo;24;Female;erat.semper.rutrum@outlook.com;06.74.69.16.62
363;Marlène;Vairow;87;Male;est@yahoo.fr;06 01 44 71 47
364;Célestine;Livoir;42;Female;magna@gmail.edu;06.76.14.60.17
365;Loïs;Braley;34;Female;morbi-neque.tellus@gmail.com;06.97.20.49.81
366;Andréanne;Bools;36;Female;risus@protonmail.com;06 58 61 71 18
367;Åslög;Clewlowe;50;Female;lectus.cum@gmail.com;02 46 22 31 62
368;Méng;Pitson;51;Female;dui.in@outlook.com;07.14.95.37.65
369;Yénora;Shirrell;106;Male;nulla.semper@hotmail.fr;06 49 15 78 13
370;Angèle;Cotgrove;87;Female;eget.laoreet@gmail.fr;+337 06 79 80 09
371;Maïly;Preshaw;56;Female;diam@gmail.fr;06.32.66.68.64
372;Märta;Sparshatt;108;Female;rutrum.non.hendrerit@gmail.com;06 10 33 57 89
373;Simplifiés;Laurant;45;Female;sit.amet.diam@aol.com;06 04 43 55 05
374;Mélissandre;Decourt;91;Female;eros@yahoo.com;02.06.23.74.24
375;Marie-noël;Roddam;22;Male;titus-alerto@hotmail.com;+336.47.06.12.72
376;Börje;Gerant;54;Female;nisi@aol.fr;+336 27 26 47 92
377;Maïly;Ohm;26;Female;dui.quis@gmail.edu;06 31 16 72 14
378;Laurélie;Daymond;37;Male;aliquam.gravida@gmail.com;06.49.03.90.15
379;Gaëlle;Cauthra;62;Male;in.consequat.enim@gmail.com;+337.79.19.27.97
380;Estève;Liepina;68;Male;sem.mollis@gmail.edu;+336.30.76.66.41
381;Wá;Belhome;86;Female;tincidunt.neque@protonmail.edu;06.45.79.02.38
382;Stéphanie;Longstreeth;59;Female;mi@gmail.com;06.56.69.18.67
383;Nadège;Praill;82;Female;tellus.suspendisse.sed@protonmail.com;+337 11 58 23 71
384;Simplifiés;Dumphry;41;Female;sollicitudin.orci.sem@outlook.com;+336.75.63.41.62
385;Cécile;Tibbles;69;Male;eleifend.nunc.risus@outlook.fr;07.75.36.25.30
386;Loïs;Cowper;100;Male;nulla@aol.fr;02 63 51 97 31
387;Mylène;Blodg;83;Male;semper.tellus@gmail.com;+337 53 92 51 90
388;Wá;Caveill;29;Female;volutpat.ornare.facilisis@icloud.com;02 53 74 49 38
389;Lèi;Murty;25;Female;felis.adipiscing@gmail.fr;07 30 63 74 37
390;Táng;Brimham;87;Male;commodo.ipsum2007@outlook.com;06 67 60 73 88
391;Béatrice;Foffano;82;Female;sapien@hotmail.com;+337 12 29 83 52
392;Noémie;Karmel;30;Male;urna.et@icloud.com;07.03.49.50.37
393;Félicie;Macourek;65;Male;nascetur.ridiculus@gmail.fr;06.00.35.31.85
394;Kuí;Abethell;85;Female;odio@outlook.com;06 00 46 05 09
395;Maïly;Fouldes;75;Female;mauris@yahoo.fr;+336.58.26.99.84
396;Hélèna;Brozsset;85;Female;pede.nunc@gmail.fr;06 49 31 31 91
397;Ophélie;Weippert;71;Female;lorem.sit@gmail.edu;02 76 87 11 54
398;Andrée;Jarret;46;Male;molestie.pharetra@outlook.com;07.78.33.51.45
399;Lorène;Rutledge;40;Male;semper.erat.in@yahoo.fr;+337.68.07.28.81
400;Chloé;Nanetti;25;Female;curabitur.egestas@gmail.edu;07 92 81 45 89
401;Åsa;Fewell;77;Female;morbi.tristique@protonmail.com;06.61.57.50.98
402;Adélaïde;Hanbidge;42;Male;facilisi.sed.neque@outlook.edu;06 63 07 89 93
403;Stévina;Castanares;59;Female;pede@hotmail.com;06.72.29.47.46
404;Amélie;Pandey;60;Male;lobortis.quam@hotmail.fr;+336.04.39.88.31
405;Marie-josée;Brann;43;Male;tellus.sem@protonmail.com;06.75.35.29.41
406;Angèle;Jickles;22;Male;morbi.sit@icloud.com;+337.21.32.07.97
407;Gaétane;Seilmann;15;Female;neque@hotmail.edu;02 81 76 63 92
408;Börje;Mangeot;88;Male;tempus.risus@gmail.com;06.00.51.33.61
409;Clémentine;Pimley;98;Male;dui@aol.com;06.43.13.61.37
410;Méghane;Beams;22;Male;quisque@protonmail.com;+337.23.48.31.73
411;Pénélope;Featherbie;59;Male;non.leo@yahoo.fr;+336.83.35.37.02
412;Ráo;Johansson;32;Male;aliquet.diam@protonmail.edu;06 03 39 88 25
413;Publicité;McEneny;33;Male;ipsum.primis@gmail.com;07.27.63.09.87
414;Yóu;Clearie;94;Female;amet.risus@protonmail.edu;06 82 92 03 16
415;Maïlis;Rowden;17;Female;purus.mauris@gmail.edu;06 54 45 93 04
416;Marlène;Satterly;64;Male;mauris.molestie@protonmail.com;06.49.53.16.44
417;Anaëlle;Shovelton;37;Male;nonummy.ac.feugiat@aol.fr;06 97 26 92 21
418;Maëlyss;Grzes;86;Male;feugiat.non@gmail.fr;02 89 81 19 28
419;Eugénie;Crosskell;110;Male;nascetur.ridiculus@hotmail.com;06 67 46 36 31
420;Marie-hélène;Somerfield;102;Male;commodo.auctor.velit@aol.com;+337 59 69 88 81
421;Marie-hélène;Spitaro;82;Male;malesuada.fames@gmail.com;+336.80.85.06.20
422;Maïlys;Janous;38;Female;gravida.aliquam@outlook.fr;+337.28.12.22.73
423;Crééz;Gheeorghie;104;Female;erat.eget@gmail.fr;06 79 02 09 53
424;Maïlis;Trowill;56;Female;elit@protonmail.com;02 79 99 13 67
425;Ruò;aManger;70;Female;ac@gmail.com;06.61.43.98.62
426;Ruò;Spray;80;Male;blandit@hotmail.com;02 83 18 09 93
427;Vérane;Mc Queen;103;Female;pharetra.nibh@yahoo.com;02.00.76.99.65
428;Médiamass;Holah;69;Male;donec@outlook.com;07.27.50.36.03
429;Véronique;Hiom;56;Female;egestas.blandit@gmail.com;06.87.33.08.38
430;Dafnée;Domnin;109;Female;felis.adipiscing.fringilla@yahoo.com;07.58.85.10.79
431;Célia;Conibere;31;Female;dapibus-ligula@hotmail.com;06 21 45 24 89
432;Naëlle;Gillice;51;Male;bibendum.sed@gmail.com;07.79.79.51.66
433;Faîtes;Adair;65;Male;consectetuer.mauris@outlook.fr;06.25.05.54.65
434;Maïté;Morales;48;Male;integer@outlook.com;06.24.75.07.49
435;Nuó;Greetland;22;Male;tincidunt@gmail.com;+337.83.54.91.63
436;Noémie;Codlin;36;Male;augue.eu.tempor@outlook.com;+337 89 65 57 25
437;Mà;Hullot;41;Female;magna.a@gmail.com;06 32 69 58 40
438;Méline;Albasiny;24;Male;neque.sed@gmail.com;07 76 46 84 56
439;Håkan;Busfield;28;Male;vitae.mauris@protonmail.com;+337.34.08.78.41
440;Nadège;Guyonnet;25;Male;ullamcorper.viverra@gmail.com;06 37 78 62 02
441;Mårten;Aldhous;98;Male;nec.enim@gmail.com;06 15 18 23 97
442;Lài;Esgate;77;Female;turpis.egestas.aliquam@aol.com;06.90.65.33.32
443;Kévina;Buscombe;96;Female;cursus.et.magna@icloud.com;06.66.65.50.86
444;Gösta;Venart;42;Male;adipiscing.elit@gmail.com;06 72 78 05 60
445;Eléonore;Vasyukhichev;48;Male;vitae.posuere@outlook.com;+336 39 07 94 27
446;Clémentine;Greed;24;Male;dapibus.gravida.aliquam@hotmail.edu;+337.86.89.76.79
447;Séverine;Hindge;83;Female;proin.vel@gmail.edu;+337 18 82 63 14
448;Chloé;Mathivat;56;Male;sem@aol.com;06.25.10.52.40
449;André;Topaz;100;Female;tortor@outlook.com;02.70.05.70.94
450;Aloïs;Matterface;102;Female;vel.vulputate@gmail.edu;06.58.90.37.06
451;Zhì;Chesworth;51;Male;morbi@icloud.com;06.14.11.29.95
452;Angèle;Godfray;46;Female;ante.iaculis@gmail.com;02 07 16 17 54
453;Dorothée;Duckerin;63;Male;etiam.vestibulum.massa@icloud.fr;06 54 34 49 19
454;Intéressant;Bridywater;52;Male;enim@outlook.com;07.67.82.91.63
455;Göran;Whittington;26;Female;sit.amet@yahoo.com;+337 55 20 71 94
456;Nuó;Clewett;57;Male;aliquam.gravida@outlook.edu;06 37 31 88 78
457;Loïs;Wharlton;50;Female;risus.nulla.eget@gmail.com;02 57 71 32 08
458;Cinéma;Plum;109;Male;nisi.magna@gmail.fr;07 91 60 67 87
459;Dà;Berthouloume;69;Female;ligula@outlook.edu;06 40 99 83 11
460;Marie-hélène;Conrart;35;Female;varius.nam@gmail.fr;+336.79.14.50.20
461;Joséphine;Eastope;58;Female;et@icloud.com;06 10 41 79 44
462;Léa;Bellfield;24;Female;bibendum.ullamcorper.duis@hotmail.com;06 10 25 60 77
463;Yè;Greenhouse;80;Female;turpis.nec@outlook.com;+336 85 97 58 80
464;Anaïs;MacGowan;59;Male;fusce.fermentum.fermentum@icloud.com;+336 75 53 84 94
465;Véronique;Conville;48;Male;et.euismod@outlook.edu;07 38 01 49 73
466;Märta;Svanetti;73;Female;in.cursus@hotmail.fr;06.23.31.12.67
467;Anaël;McBratney;58;Male;ullamcorper.velit@gmail.com;06 92 87 35 98
468;Eléonore;Plumridege;84;Male;cras.sed.leo@outlook.fr;07.06.03.36.13
469;Cléa;Raspin;78;Female;aliquam.arcu@gmail.com;07.43.95.48.32
470;Cunégonde;Decker;99;Male;nec.metus@yahoo.com;02.94.58.62.48
471;Magdalène;Prydie;103;Female;ipsum.nunc@icloud.com;06 12 74 43 59
472;Maïly;Benardet;29;Male;adipiscing.non@gmail.com;02.50.50.01.88
473;Audréanne;Nannetti;19;Female;pede.suspendisse@icloud.fr;02.15.60.05.29
474;Loïca;Gookey;34;Male;sed.dolor@outlook.com;07 40 46 12 80
475;Mégane;Joselevitch;79;Male;orci.in@gmail.com;06 65 85 39 96
476;Gösta;Tavner;72;Male;arcu@aol.com;02 09 79 79 08
477;Lài;Devaney;85;Female;nisl@outlook.edu;+336.73.72.40.61
478;Göran;Manston;43;Male;molestie.sed.id@gmail.com;06.90.49.35.29
479;Aí;Richford;26;Female;duis.mi@outlook.fr;+336.21.46.76.17
480;Börje;Darch;105;Male;montes.nascetur@gmail.edu;07.99.73.24.32
481;Célestine;Craigs;69;Female;magna@gmail.com;06.71.95.94.33
482;Adèle;O' Neligan;90;Male;sodales.mauris@icloud.edu;02 90 88 84 06
483;Léonie;Manz;40;Male;vulputate.eu.odio@gmail.edu;06 45 27 28 62
484;Alizée;Archdeckne;34;Male;non@aol.com;+336 89 85 10 26
485;Laurélie;Tuffey;69;Female;turpis.non.enim@gmail.com;+337.19.42.36.60
486;Clémence;Gierardi;109;Male;non@gmail.com;06.10.22.51.13
487;Yáo;Braizier;52;Male;posuere@hotmail.com;07 86 65 80 89
488;Dorothée;Corrett;68;Male;nunc.mauris.morbi@protonmail.edu;07 16 88 00 94
489;Kuí;Readwin;107;Female;augue@yahoo.com;+337 01 99 86 88
490;Lài;Wapple;30;Female;pharetra.sed@protonmail.com;02 25 35 27 35
491;Lén;Greetland;89;Female;sed.pede.cum@gmail.com;06 42 26 41 63
492;Maëlle;Towse;38;Female;semper.dui@gmail.com;07 99 63 87 94
493;Dù;Fone;27;Female;convallis.est.vitae@protonmail.com;+336.14.09.61.39
494;Maïly;Tulloch;52;Female;nec.imperdiet.nec@aol.fr;06 80 08 47 52
495;Frédérique;Stoving;16;Female;id.mollis@icloud.edu;06 40 64 70 51
496;Océanne;Woolgar;84;Male;sociosqu.ad@gmail.com;06 95 96 40 41
497;Régine;Grigoletti;46;Female;eu@gmail.edu;07.36.36.83.31
498;Méghane;Petrou;40;Male;urna@protonmail.com;06.13.19.88.22
499;Clémentine;Silby;23;Male;tempus.non@gmail.com;06.10.20.97.63
500;Rachèle;Sudy;84;Male;lorem.donec.elementum@yahoo.com;02.56.04.67.86
501;Méline;Lewins;92;Female;egestas.sed@yahoo.edu;+336 70 11 65 75
502;Joséphine;Hynde;62;Female;tellus.id@gmail.com;07 79 03 02 47
503;Daphnée;Rackley;61;Male;aliquet@gmail.com;07.86.16.00.51
504;Angélique;Kuhnhardt;81;Female;consequat.auctor@gmail.fr;07 53 90 07 41
505;Pénélope;Londsdale;45;Female;arcu.vestibulum@outlook.com;+336.17.68.26.70
506;Anaëlle;Valintine;35;Female;nunc.quisque.ornare@gmail.com;06 66 59 16 06
507;Kuí;Bauchop;58;Male;ut.molestie@outlook.com;07.29.86.05.51
508;Lorène;Skillington;65;Female;id@protonmail.com;02.72.83.11.29
509;Thérèsa;Arter;49;Female;dapibus.quam@outlook.com;06 61 37 05 19
510;Edmée;Haselup;87;Male;ante.vivamus.non@gmail.com;02.63.27.12.50
511;Edmée;Straker;48;Male;tellus.imperdiet@gmail.fr;02.14.17.28.01
512;Mahélie;Tomaskunas;85;Female;fringilla@gmail.fr;06 09 65 05 18
513;Personnalisée;Handrik;87;Male;lorem.auctor@outlook.com;06.77.41.84.16
514;Gaëlle;Buggs;18;Male;purus@gmail.com;06 20 67 04 42
515;Wá;Franchi;98;Male;molestie.in@aol.edu;06 85 78 17 14
516;Marlène;Webbe;37;Male;molestie@protonmail.com;06.72.38.65.76
517;Vérane;Fere;70;Female;ac.mattis.semper@hotmail.com;06 42 87 70 55
518;Ruì;Bergstrand;59;Male;mauris@protonmail.com;+336.56.15.28.16
519;Loïca;Graeber;60;Female;ipsum@protonmail.com;+336 56 83 52 25
520;Östen;Howley;105;Male;ultrices.a@gmail.com;+337.70.50.32.87
521;Dà;Geekie;46;Male;eleifend.cras@hotmail.edu;06 27 74 39 03
522;Léonore;Anetts;37;Female;sed.sapien@outlook.edu;06 20 85 32 77
523;Méthode;Goodier;104;Male;nisi.aenean_10@gmail.com;06.38.30.07.01
524;Andréa;Aers;109;Female;posuere@hotmail.com;+337 91 38 43 21
525;Esbjörn;Behnecken;63;Male;integer@outlook.com;06 27 53 96 58
526;Yóu;Coy;69;Male;sed.eu.eros@protonmail.fr;06 70 23 69 63
527;Esbjörn;McFarlane;107;Male;senectus@hotmail.fr;+337 43 59 59 99
528;Gaïa;Eccott;87;Female;quis.urna.nunc@outlook.fr;07 03 60 03 02
529;Clélia;Alebrooke;100;Female;pede.sagittis@protonmail.com;06 54 52 65 74
530;Naéva;Harbage;86;Male;enim.nunc@yahoo.com;07.06.28.67.80
531;Maëlys;Bumby;91;Female;ac@gmail.com;06.83.24.64.95
532;Mélia;Easthope;106;Female;elit.a@outlook.com;06.99.33.21.50
533;Chloé;Blanden;77;Male;pretium.et.rutrum@gmail.edu;02.71.32.64.78
534;Zoé;Querrard;82;Female;erat@protonmail.edu;06 76 64 17 86
535;Clémentine;Archanbault;67;Female;feugiat@yahoo.com;+337.69.18.02.11
536;Sòng;Duffitt;64;Female;eu.metus@icloud.fr;+337 27 42 41 39
537;Sélène;Durak;66;Female;pellentesque.ultricies.dignissim@icloud.edu;+336.09.00.62.01
538;Mélodie;Avard;47;Female;velit.eu@gmail.com;+336 53 14 50 37
539;Ruò;Hallbord;77;Female;eleifend.non@gmail.com;+337.64.77.80.04
540;Andréa;Minichillo;44;Male;blandit@gmail.com;07.80.06.13.82
541;Nélie;Caldero;57;Male;laoreet@gmail.com;02.14.07.36.56
542;Camélia;Cessford;90;Female;posuere.cubilia@gmail.com;06 76 59 86 59
543;Åke;Baradel;17;Male;donec.porttitor@gmail.fr;+336.05.76.49.86
544;Naëlle;Charlson;93;Female;neque.nullam@gmail.com;+337 16 22 94 78
545;Inès;Deller;66;Male;amet.orci@aol.edu;06 40 50 01 22
546;Cécile;Howis;102;Female;libero.at@protonmail.com;+337.49.76.54.44
547;Zhì;Filler;17;Male;eu.turpis.nulla@gmail.com;+336.25.60.74.87
548;Börje;Peete;40;Female;in.faucibus@yahoo.com;02 39 62 56 01
549;Aurélie;Upward;32;Female;ac@protonmail.com;07.12.22.31.39
550;Réservés;Kilpin;78;Male;egestas.rhoncus@outlook.com;06 86 37 51 97
551;Noémie;MacKey;74;Male;erat@gmail.fr;+337 53 12 52 63
552;Méthode;Klaessen;96;Male;orci@gmail.com;+337.83.18.30.03
553;Médiamass;Dyment;66;Male;morbi.accumsan@gmail.com;02.98.60.93.70
554;Åslög;Gritsunov;62;Female;class@protonmail.edu;02 73 61 08 83
555;Annotés;Kamen;30;Male;integer.eu@aol.com;06.81.51.42.03
556;Börje;Water;75;Male;sed.eu@gmail.edu;+337 45 54 01 00
557;Laurélie;Barabisch;28;Male;donec.tempor@gmail.com;+337 29 38 48 28
558;Séverine;Gane;75;Female;ridiculus.mus.proin@gmail.fr;02 22 54 16 18
559;Marie-hélène;Swabey;100;Female;vivamus.euismod@gmail.edu;+336 24 59 39 37
560;Mégane;Currao;59;Male;euismod@outlook.com;+336.11.64.66.19
561;Lóng;Goodred;83;Male;orci.ut@protonmail.com;+337.25.01.87.42
562;Nuó;Outhwaite;20;Female;leo.morbi@gmail.com;06.89.59.89.12
563;Josée;Corson;109;Male;vestibulum.nec@gmail.com;02.72.87.29.29
564;Rébecca;Cullen;21;Male;curabitur.consequat.lectus@gmail.com;07 30 07 32 57
565;Eloïse;Galletley;20;Female;maecenas.ornare.egestas@outlook.com;06.95.80.17.99
566;Mahélie;Falconbridge;52;Male;tempus.lorem@icloud.com;06.69.73.71.57
567;Cinéma;Argue;93;Male;molestie.tellus@protonmail.com;06 25 86 83 87
568;Lucrèce;Neale;71;Female;cras.dolor.dolor@gmail.com;07 17 56 08 07
569;Aloïs;Donnett;39;Male;nulla.facilisi@gmail.fr;06 22 02 37 41
570;Yè;Tremouille;37;Female;nulla.in@protonmail.edu;06 32 51 61 85
571;Clémentine;Bielfeldt;91;Male;erat.semper@icloud.edu;06.48.67.42.99
572;Yáo;Cuell;23;Female;curabitur.massa@gmail.edu;06.58.76.77.99
573;Gisèle;Druitt;110;Male;dui@outlook.com;02.27.57.89.98
574;Loïc;Lipmann;45;Male;mauris@gmail.fr;07.43.89.23.73
575;Kù;Bryant;109;Male;aliquam.enim@yahoo.com;+337.85.59.15.13
576;Maéna;Revitt;62;Female;eget.magna@gmail.edu;02.35.99.51.83
577;Léa;Drayn;109;Male;vel.est@aol.com;06.81.96.30.87
578;Annotés;Geri;15;Female;ut.sem.nulla@hotmail.com;+336.27.04.57.00
579;Yáo;Scatchard;90;Female;in.consequat@icloud.com;06.82.55.55.47
580;Angélique;McCorley;101;Male;justo@protonmail.fr;07.27.87.37.29
581;Gisèle;Dani;67;Female;dictum@outlook.com;+337.68.65.77.62
582;Marie-ève;Catenot;26;Male;posuere@protonmail.edu;06.32.45.97.15
583;Anaëlle;Vasyutin;22;Male;phasellus.nulla.integer@yahoo.fr;+337.11.77.11.52
584;Régine;Gutowski;77;Male;tincidunt01@protonmail.com;02 84 62 74 92
585;Camélia;Windebank;105;Female;ante@protonmail.com;02 42 30 93 96
586;Maëlla;Aloigi;75;Female;lectus@gmail.com;02.02.75.49.31
587;Gwenaëlle;Whitwham;85;Female;malesuada.malesuada@gmail.com;06 46 41 86 35
588;Chloé;Espinheira;99;Female;ultrices.mauris@gmail.com;+336 16 20 73 82
589;Göran;Woolam;66;Female;in@outlook.edu;06.10.74.84.22
590;Naéva;Strangeways;36;Female;congue.turpis@gmail.com;+336 72 79 81 89
591;Aurélie;Drillot;64;Female;nulla@gmail.edu;+337.13.63.82.12
592;Lèi;Elies;36;Female;ipsum.sodales@outlook.com;07 88 30 61 56
593;Jú;Shailer;16;Female;mus@protonmail.edu;06.29.91.14.93
594;Styrbjörn;Keoghan;61;Male;justo.faucibus@aol.com;02 48 96 36 98
595;Thérèsa;Monteath;26;Male;nunc.laoreet@gmail.com;06.47.72.57.70
596;Göran;Legerwood;52;Male;magna@icloud.fr;06.25.53.76.37
597;Gisèle;Camerello;83;Female;dictum.eu.eleifend@icloud.edu;+337.11.44.03.78
598;Ráo;Somerscales;105;Male;velit.dui.semper@gmail.com;02.75.49.54.60
599;Irène;Wank;89;Male;pharetra.quisque.ac@hotmail.com;06 41 82 60 37
600;Mélinda;Heather;41;Female;risus@protonmail.com;+337 33 49 08 93
601;Aurélie;GiacobbiniJacob;45;Female;nam.porttitor@gmail.com;06.36.11.57.72
602;Lorène;Billson;101;Female;ac.turpis.egestas@icloud.fr;06 51 35 75 31
603;Tán;Craigheid;20;Male;urna.nullam.lobortis@gmail.edu;07.26.27.46.01
604;Estève;Maving;49;Male;eget@outlook.com;06.94.44.36.67
605;Dorothée;Baggaley;89;Female;auctor@yahoo.edu;+336 03 80 17 92
606;Garçon;Kelshaw;53;Male;aliquam.rutrum@gmail.edu;06.41.90.30.64
607;Cécilia;Reeds;62;Male;velit.sed@outlook.com;07 86 73 67 36
608;Wá;Follin;51;Female;sed.dictum@aol.fr;06.19.99.39.97
609;Maïlis;Thody;95;Male;nullam.lobortis@outlook.com;+337.52.08.85.26
610;Mà;McLeish;26;Female;non.quam@gmail.com;+336.15.25.38.85
611;Rachèle;Trank;85;Female;mauris@gmail.fr;07 37 46 11 17
612;Marie-ève;Lacasa;91;Male;nam.nulla@gmail.com;07 61 53 91 70
613;Andrée;Gibling;104;Female;erat@gmail.edu;02.16.66.03.78
614;Geneviève;Karolowski;30;Male;scelerisque@gmail.fr;06 27 51 58 33
615;Mén;By;59;Female;ipsum.nunc@gmail.com;02 04 94 83 16
616;Néhémie;Phelipeau;78;Female;dolor.sit.amet@outlook.edu;06 80 82 54 02
617;Mylène;Andrez;33;Female;pede.malesuada@yahoo.com;06 51 70 61 79
618;Irène;Attawell;66;Male;lorem.ipsum@outlook.edu;06.16.01.44.83
619;Vérane;Giron;53;Male;aliquam@outlook.fr;06 18 20 30 93
620;Yóu;Giorgiutti;97;Male;proin@icloud.com;+336.05.24.90.15
621;Personnalisée;Chinnock;29;Male;nullam.vitae@protonmail.com;06.32.78.92.83
622;Yóu;Miall;22;Male;luctus.ut@gmail.edu;+337.79.17.86.51
623;Méline;Cuff;32;Female;malesuada.fames.ac@yahoo.com;+337.30.72.87.80
624;Intéressant;Hudless;47;Male;odio.a@aol.com;02.03.90.42.76
625;Maëline;Makeswell;83;Female;sit.amet@aol.com;+337 08 25 36 17
626;Noémie;Brackenbury;95;Male;in.sodales@gmail.fr;+336 70 69 09 39
627;Desirée;Cheavin;85;Female;magnis@gmail.edu;06 51 39 45 34
628;Gaëlle;MacCarlich;106;Female;conubia.nostra@protonmail.fr;06.05.64.56.73
629;Hélène;Debill;28;Male;phasellus@gmail.com;02 47 37 36 51
630;Kù;Georgeot;95;Female;dolor@hotmail.com;06 40 97 91 38
631;Adélie;Olivetti;18;Male;dapibus.gravida.aliquam@hotmail.com;+337.95.73.47.60
632;Eléonore;Bernli;93;Female;imperdiet.ullamcorper.duis@outlook.com;02 70 60 66 63
633;Simplifiés;Firebrace;31;Male;et.magnis@yahoo.edu;06.68.83.38.76
634;Faîtes;Mar;22;Female;integer.eu@gmail.edu;+337.27.26.84.24
635;Maéna;Ferrulli;67;Male;a.purus@gmail.com;+337 76 69 94 61
636;Desirée;Kleine;34;Male;posuere@gmail.com;06.05.60.84.78
637;Annotée;Birch;88;Female;diam-luctus@outlook.com;+336.60.39.44.70
638;Hélèna;Labdon;55;Female;enim.non.nisi@outlook.edu;07.33.39.82.77
639;Maëlys;Shier;55;Male;natoque.penatibus.et@gmail.fr;06.98.38.57.06
640;Aurélie;Stewartson;57;Male;suspendisse@aol.com;02 75 26 63 64
641;Mélissandre;Miskin;66;Male;eget.tincidunt@icloud.com;+336 20 12 86 19
642;Léa;Fowls;61;Female;neque.nullam.ut@aol.com;07.87.34.99.59
643;Félicie;Eyer;75;Male;sed@gmail.com;06 02 27 97 63
644;Maï;Mark;22;Male;eros.turpis.non@gmail.com;06.01.99.84.72
645;Maëlle;Conklin;85;Male;turpis.vitae.purus@gmail.com;06 75 73 09 91
646;Andréa;Asbrey;92;Female;justo.nec@icloud.fr;06.72.50.34.36
647;Maéna;Andrzejak;26;Female;neque@hotmail.edu;07.43.61.48.07
648;Françoise;Hawley;66;Female;eros.nam@gmail.com;02.72.90.88.76
649;Méthode;Mogie;103;Male;posuere.enim.nisl@gmail.edu;02 53 81 61 17
650;Marie-josée;Oulner;82;Female;mollis.vitae@outlook.com;06.25.90.66.37
651;Lóng;McConaghy;78;Male;diam.duis@protonmail.edu;06 91 51 87 26
652;Célia;O'Noland;16;Male;nam.nulla@gmail.com;07 72 52 63 04
653;Görel;Sousa;37;Female;mi.lacinia@gmail.com;06.70.29.10.05
654;Lucrèce;Eyeington;68;Female;purus.nullam@gmail.com;06 28 50 50 26
655;Océanne;Huck;90;Male;ut@outlook.com;06 77 04 53 84
656;Séverine;Hellwich;82;Female;cras.eu@gmail.com;+337.69.10.39.71
657;Marie-françoise;Pezey;82;Male;mauris.quis@outlook.edu;06 38 46 51 93
658;Océane;Dulinty;47;Female;cras.pellentesque@gmail.com;06 25 84 26 64
659;Fèi;Pullen;58;Female;urna.nunc.quis@outlook.fr;02 79 44 26 70
660;Méghane;Antoniat;50;Male;et.ultrices.posuere@gmail.edu;06.94.62.84.02
661;Méghane;Winckle;63;Male;pede.suspendisse@gmail.com;+336.79.17.65.39
662;Andréanne;Wilshire;83;Female;metus@outlook.com;02 41 17 62 27
663;Bécassine;Paye;25;Male;quis.turpis@hotmail.edu;06.47.06.51.48
664;Amélie;Runcie;38;Female;venenatis.a@icloud.com;+336 52 94 72 79
665;Måns;Privost;96;Male;duis.elementum@gmail.fr;+337.23.11.70.48
666;Angèle;Dorey;17;Female;eros.non@protonmail.edu;06 24 81 93 37
667;Irène;Bleaden;30;Female;dictum.eu@outlook.edu;07 96 91 81 33
668;Dù;Malkin;60;Male;amet@hotmail.fr;+336 54 45 73 55
669;Léonie;Robinson;17;Female;nisi.mauris@gmail.com;02.78.67.26.31
670;Marie-ève;Porcas;96;Female;quam.dignissim@icloud.fr;+337 92 64 69 37
671;Mélina;Suttaby;64;Female;diam.proin@protonmail.com;+337 33 73 66 84
672;Méthode;McDonnell;110;Male;at.arcu.vestibulum@outlook.com;+337.22.39.83.06
673;Styrbjörn;Ohms;103;Male;fusce.fermentum@outlook.fr;07.52.11.25.07
674;Mà;Culmer;53;Female;libero@icloud.com;+336 51 52 05 77
675;Félicie;Trinbey;48;Male;risus@gmail.com;07.21.19.48.45
676;Maëlla;O'Caherny;57;Female;dolor.fusce@outlook.com;+336.32.87.24.12
677;Athéna;Mervyn;92;Male;magnis@gmail.edu;02 28 67 60 63
678;Loïc;Klaessen;82;Male;tempor.diam@gmail.com;02.48.40.25.02
679;Pélagie;Greenaway;38;Male;lorem.lorem@gmail.com;+336.64.30.13.87
680;Méline;Skryne;101;Female;arcu.vestibulum.ante@aol.com;+336.74.25.12.36
681;Torbjörn;Gilston;67;Male;semper.tellus@gmail.com;07 85 05 03 05
682;Intéressant;Render;82;Female;a.neque.nullam@yahoo.com;06 05 42 31 23
683;Sòng;Soutter;20;Female;ac@hotmail.fr;+337.72.02.85.75
684;Laurène;Craig;31;Female;nullam.enim@hotmail.com;02 95 12 57 34
685;Léone;Bartlomieczak;77;Male;donec@outlook.fr;+337 53 86 69 49
686;Yè;Conkey;72;Male;imperdiet.ornare@aol.edu;+337 94 81 94 07
687;Eléa;Bestall;101;Female;a.purus.duis@hotmail.com;+337.57.35.31.53
688;Mårten;Rubinlicht;67;Male;mauris@gmail.fr;07.65.47.86.02
689;Ophélie;Vaskin;72;Male;mi.ac@aol.com;+336.61.55.55.59
690;Pénélope;Hanshawe;109;Female;donec@hotmail.com;06 91 51 12 50
691;Estée;Ablett;38;Male;elit.curabitur@outlook.fr;06.96.63.65.49
692;Mélia;Desesquelle;53;Female;lorem.ac.risus@protonmail.fr;+337.79.50.19.73
693;Loïca;Dener;82;Female;a.malesuada@aol.com;06.83.66.12.92
694;Cléa;Willshear;44;Female;ut.pellentesque@outlook.com;06.64.44.46.15
695;Yénora;Rummery;42;Female;hendrerit.id@yahoo.com;07.23.82.78.55
696;Célia;Divver;55;Male;ut.odio@outlook.edu;+336 85 56 20 17
697;Marie-françoise;Edens;88;Female;porta.elit@outlook.com;07.54.67.56.33
698;Annotée;Croft;35;Female;sed.turpis@gmail.com;07 39 51 83 53
699;Léandre;Sibbit;47;Male;ipsum.curabitur@gmail.com;06.23.08.38.25
700;Méryl;McCaughey;52;Female;scelerisque.lorem@gmail.com;06 95 35 17 91
701;Cloé;Brann;87;Male;lacus.nulla@gmail.com;02 59 92 04 50
702;Dorothée;Hartnup;32;Male;ante.vivamus.non@aol.com;06 48 95 20 88
703;Cloé;Sanbroke;43;Male;arcu.vel@gmail.com;06.05.58.55.67
704;Mélinda;Rozet;95;Female;lorem.donec@yahoo.com;06 08 24 77 68
705;Danièle;Radolf;108;Male;odio.sagittis.semper@gmail.com;+337.55.68.98.44
706;Kallisté;Reboul;67;Female;malesuada.ut@yahoo.com;06 96 91 78 44
707;Gaïa;Fairbank;101;Male;ac.orci.ut@gmail.com;06.50.72.87.53
708;Hélèna;Templar;17;Female;tristique@gmail.fr;06.72.12.42.50
709;Thérèsa;Waghorn;34;Male;vitae@gmail.fr;06 43 13 95 87
710;Cécile;Nealand;54;Female;eros.non@gmail.com;06.02.96.89.24
711;Françoise;Mynard;95;Female;netus.et.malesuada@gmail.fr;06 91 27 04 43
712;Cunégonde;Burnet;20;Male;ut.mi@gmail.com;+337 33 61 49 92
713;Mélodie;Cammiemile;103;Male;ac.sem.ut@gmail.com;+336 61 22 58 29
714;Eloïse;Filpi;87;Male;duis.mi@hotmail.edu;06 59 40 21 63
715;Maïlis;Torpie;55;Male;purus@protonmail.com;06 35 29 67 69
716;Mélys;Berntsson;107;Male;magna.suspendisse.tristique@icloud.com;+337 45 64 22 13
717;Cléa;O'Fogarty;69;Male;et.magnis@outlook.edu;06 81 64 14 55
718;Mélanie;Blindt;32;Female;sed@yahoo.com;06 47 59 28 82
719;Ruò;Toffel;70;Male;felis@aol.fr;02.29.49.16.92
720;Dà;Heinonen;72;Male;consequat.enim@protonmail.com;07 57 51 74 91
721;Amélie;Brafield;37;Male;in.consectetuer@gmail.com;06 77 73 51 21
722;Marie-josée;Sangar;63;Male;ipsum.donec@outlook.com;06.20.61.46.81
723;Styrbjörn;Binstead;31;Male;convallis.convallis.dolor@outlook.com;+336.82.78.51.72
724;Maëlle;Bengochea;95;Female;luctus.et.ultrices@aol.fr;07.92.41.39.47
725;Hélèna;Antliff;21;Male;nibh.donec@gmail.edu;+336 80 73 00 14
726;Alizée;Brandham;35;Female;lacus_1@gmail.com;06 35 77 30 01
727;Håkan;Meneo;87;Female;neque.vitae.semper@icloud.com;+337.71.06.20.59
728;Félicie;Easbie;44;Female;vestibulum.mauris@protonmail.com;06.58.00.01.59
729;Anaëlle;Orrice;33;Male;aliquam.erat@hotmail.fr;06.02.47.88.73
730;Loïca;Branche;100;Female;lobortis@gmail.edu;06 10 76 93 92
731;Annotée;Tebbitt;48;Female;at.fringilla@gmail.com;06.09.26.92.25
732;Aí;Gatus;101;Female;ridiculus.mus@gmail.com;06.86.67.50.26
733;Maïlis;Burlingham;57;Female;arcu.iaculis@gmail.edu;+336 64 57 95 64
734;Agnès;Ickovits;18;Female;tempus@outlook.com;06 08 24 94 20
735;Erwéi;Morrilly;32;Male;cras.dictum@protonmail.com;02.61.51.55.88
736;Mélinda;Cometto;94;Female;elit.fermentum@gmail.com;06.18.52.39.93
737;Séréna;Kiraly;97;Male;nunc.sollicitudin.commodo@gmail.com;06 36 58 36 21
738;Lèi;Rayment;58;Female;eros@icloud.edu;06.77.52.88.52
739;Zhì;Sherrum;45;Female;orci@aol.edu;06 30 71 18 59
740;Lucrèce;Po;24;Female;praesent.eu@gmail.com;06 70 10 24 39
741;Thérèsa;O' Loughran;47;Male;a.mi.fringilla@outlook.com;+336.10.36.52.18
742;Vérane;Gabel;105;Female;neque.nullam.ut@yahoo.com;06 22 77 71 82
743;Pò;Howgill;59;Male;eros.nec00@icloud.com;+337 80 30 46 37
744;Pénélope;Conley;104;Female;convallis.convallis@outlook.com;06 67 35 67 15
745;Gaïa;Headly;24;Female;justo.eu@gmail.com;06.47.07.59.00
746;Torbjörn;Farncomb;19;Male;diam.at.pretium@outlook.fr;06.86.56.63.98
747;Joséphine;Victory;25;Male;facilisis.vitae@aol.com;07.71.65.68.69
748;Néhémie;Han;59;Female;ac@outlook.com;06 30 88 32 35
749;Estée;Clampin;82;Male;sed.id@gmail.com;+337 91 05 68 97
750;Estée;Kornilov;87;Male;pellentesque.habitant.morbi@gmail.com;06 95 66 91 35
751;Bécassine;Scriver;97;Female;elementum.at.egestas@yahoo.com;06 92 10 12 73
752;Médiamass;Woodvine;110;Male;dolor.egestas@gmail.edu;02 07 22 92 62
753;Örjan;Ferrers;43;Female;tempor.erat.neque@gmail.com;+336 75 94 56 28
754;Bérénice;Bontoft;46;Male;ac.mattis.velit@aol.com;+337.01.98.09.13
755;Marie-françoise;Lammertz;81;Female;semper.et.lacinia@outlook.com;+337.31.96.92.82
756;Börje;Moretto;19;Female;maecenas.ornare@hotmail.com;06.04.36.58.93
757;Naëlle;Eadington;63;Male;nonummy.fusce@hotmail.fr;06.25.88.63.07
758;Cloé;Deave;109;Male;aliquet@gmail.edu;+337 54 82 33 45
759;Sélène;Dollard;95;Male;proin.eget@hotmail.com;+336.44.88.18.06
760;Angèle;Predohl;21;Male;cras@gmail.fr;06.13.14.75.11
761;Hélène;Kesper;61;Female;class.aptent.taciti@aol.com;02 85 86 03 44
762;Faîtes;Marshallsay;34;Female;vivamus.euismod@gmail.com;+337.50.83.95.57
763;Ruò;Waye;42;Male;faucibus@gmail.com;+337.76.78.65.51
764;Gérald;Beney;66;Male;dictum@outlook.com;06.64.19.28.54
765;Gaïa;Figliovanni;44;Male;leo.in.lobortis@outlook.com;+337.50.87.62.97
766;Lóng;Hallin;63;Female;vulputate.posuere.vulputate@outlook.com;07 36 46 95 93
767;Desirée;Brereton;73;Female;risus.a@gmail.com;+336 67 79 76 45
768;Mélanie;Haycock;50;Male;mollis.phasellus@gmail.com;+337 67 06 14 26
769;Eléa;Margrie;43;Male;nulla.facilisis.suspendisse@outlook.edu;+336 58 39 69 32
770;Östen;Boteman;69;Female;magna.sed@gmail.com;+337 06 76 15 40
771;Maëlle;Nester;68;Male;rutrum.fusce@gmail.com;07 06 03 42 68
772;Uò;Birchall;60;Male;proin@aol.fr;+337.69.04.09.16
773;Cécile;Davet;30;Female;aliquam.enim.nec@aol.edu;06.36.86.98.64
774;Fèi;Eddins;54;Male;varius.orci@aol.edu;06 31 03 39 64
775;Faîtes;Collibear;59;Male;adipiscing.lobortis@gmail.com;06.60.39.47.25
776;Måns;Harm;17;Male;nec.urna@icloud.fr;06 62 09 93 47
777;Yú;MacCracken;33;Male;mi.eleifend@gmail.fr;07.02.35.31.76
778;Vénus;Geelan;108;Female;lorem.ipsum@yahoo.com;06.82.25.52.10
779;Adélie;Fenkel;81;Male;proin.non.massa@protonmail.fr;06.43.68.39.41
780;Estève;Mulgrew;40;Male;et.magnis@gmail.com;02 78 48 16 18
781;Yú;Hain;15;Male;lacus@outlook.fr;06.03.11.40.97
782;Méryl;Olensby;65;Male;in.mi.pede@gmail.com;02 74 14 23 10
783;Léandre;Bonett;109;Female;etiam.bibendum@outlook.com;06.35.56.73.72
784;Andréanne;Affuso;29;Male;curabitur.ut@outlook.edu;06.09.78.03.63
785;Märta;Cartin;49;Female;integer@outlook.com;06 03 58 85 39
786;Méthode;Olesen;49;Male;at.egestas@hotmail.com;07.66.23.38.93
787;Vénus;Badsworth;64;Female;et.commodo.at@yahoo.com;+336.20.31.85.63
788;Cloé;Grinston;100;Female;imperdiet.erat@outlook.com;+337 08 02 63 23
789;Publicité;Winston;41;Male;augue.eu@gmail.com;02.48.42.09.81
790;Dorothée;Nower;100;Female;vel.lectus@outlook.fr;06 43 12 43 00
791;Michèle;Bryan;57;Female;duis@outlook.com;07 55 57 73 37
792;Andréa;Corcoran;76;Female;blandit.congue@icloud.com;+337 36 37 94 89
793;Desirée;Blesing;90;Male;magna.nam.ligula@hotmail.com;+336 15 68 53 69
794;Anaël;Newcombe;97;Male;posuere.cubilia@outlook.com;06.28.29.26.24
795;Cinéma;Ceeley;16;Female;nunc.laoreet@gmail.com;06 58 01 33 57
796;Daphnée;Ramage;73;Male;quisque.libero@hotmail.com;+336 42 17 02 47
797;Kallisté;Richardet;24;Female;ut.nisi@gmail.fr;02 37 68 36 99
798;Célia;Gwilliams;20;Female;suspendisse.aliquet.sem@gmail.com;+337.14.08.83.52
799;Liè;Hathwood;16;Male;cursus.non@yahoo.com;02 10 52 12 21
800;Naëlle;Joriot;17;Male;mollis.nec@gmail.com;06.23.55.45.91
801;Léane;Hayller;103;Male;curae_he@icloud.com;+336 11 18 10 18
802;Marlène;Zecchetti;108;Male;a@outlook.com;06.29.09.08.54
803;Jú;Sumpter;22;Male;nunc.sed@hotmail.fr;07 48 05 48 26
804;Mégane;Batistelli;34;Male;elementum.lorem@outlook.edu;02.51.31.52.16
805;Kù;Woller;71;Female;et.malesuada@hotmail.com;+337 29 86 00 98
806;Néhémie;Studart;44;Female;lectus.a@hotmail.com;06 10 58 60 07
807;Eléa;Mynard;81;Female;posuere.enim.nisl@outlook.com;+336 85 90 67 46
808;Dù;Spring;56;Female;purus.sapien.gravida@gmail.com;+337 64 71 65 08
809;Måns;Orange;50;Male;pretium.neque@icloud.com;+336.43.25.00.50
810;Célia;Bernth;30;Male;arcu.eu@outlook.com;06 33 18 21 69
811;Marie-ève;Diffley;81;Female;auctor.vitae@outlook.com;06 55 81 82 03
812;Océane;Dewdeny;100;Female;pede.suspendisse@gmail.com;06 96 53 38 43
813;Adélaïde;Greenway;31;Female;arcu.curabitur@hotmail.com;06.67.71.18.43
814;Maëlys;Rosenblum;42;Male;sed.pede@gmail.com;+337 97 15 17 36
815;Esbjörn;Eady;91;Male;in@outlook.com;06.00.26.44.69
816;Aimée;Tinn;77;Female;etiam.gravida@protonmail.com;02 86 26 59 52
817;Torbjörn;Arniz;74;Female;libero.proin@protonmail.fr;06 83 38 19 46
818;Réjane;Riolfo;85;Female;mauris@gmail.edu;06.21.97.55.16
819;Pélagie;Wolver;32;Female;eu.odio@protonmail.fr;+337.31.16.68.45
820;Joséphine;Herity;110;Male;lobortis.mauris@outlook.com;02 36 67 70 01
821;Eléonore;O'Crotty;59;Male;nulla@yahoo.com;+336 70 11 87 67
822;Publicité;Gilhooley;47;Male;turpis.vitae@outlook.edu;07.08.91.36.84
823;Danièle;Bromage;62;Female;lobortis@gmail.com;02 55 27 99 70
824;Almérinda;Quiddinton;102;Male;maecenas.malesuada@gmail.com;+336 55 55 38 09
825;Séverine;Rickerby;81;Female;mauris@gmail.com;02 27 98 12 27
826;Gaétane;Hallick;17;Male;cras.eu@aol.edu;07 86 27 66 96
827;Céline;Wevell;18;Female;conubia.nostra@aol.fr;06.63.68.99.86
828;Dorothée;Jerdon;49;Female;quisque.libero@gmail.com;+337 08 99 92 24
829;Eléonore;Pook;104;Female;vivamus.euismod@aol.edu;02.82.66.45.86
830;Maïté;Mangeon;110;Male;etiam.bibendum@hotmail.com;07 52 39 80 02
831;Aí;Swanger;85;Male;etiam.imperdiet.dictum@gmail.fr;06.63.48.78.86
832;Estée;Kubik;70;Female;phasellus.elit@outlook.edu;+336.23.15.62.61
833;Pål;Laurisch;41;Male;mollis.nec.cursus@outlook.com;07.79.73.01.50
834;Sélène;Strettell;23;Male;sem.vitae.aliquam@protonmail.com;06 23 14 87 74
835;Lauréna;Courtes;107;Female;massa@outlook.com;07.91.05.02.50
836;Publicité;Colaton;83;Male;non.nisi@aol.com;06.96.05.51.02
837;Andréa;Cuttelar;72;Female;sit@gmail.com;06 88 04 65 97
838;Maëline;Tibald;35;Male;diam.eu@outlook.fr;02.38.55.60.37
839;Anaël;Fraulo;93;Female;nec.eleifend.non@gmail.fr;02 35 78 46 73
840;Léonie;Flitcroft;45;Female;sed@yahoo.com;06 10 36 90 85
841;Nuó;Seager;97;Female;mollis@outlook.edu;+337 07 86 79 03
842;Bérangère;Arendsen;86;Female;duis.a@gmail.com;06 76 42 11 57
843;Renée;Sinyard;88;Male;neque@hotmail.com;07 53 78 26 60
844;Dafnée;Feige;54;Female;nunc.sed@gmail.edu;02 41 40 80 63
845;Marie-josée;Sacase;61;Male;tempus.lorem.fringilla@aol.com;02.59.33.01.61
846;Maï;Dye;109;Male;enim.curabitur.massa@gmail.com;07 32 91 63 15
847;Clémentine;Challenor;105;Male;et.ultrices@gmail.com;+337.27.83.80.74
848;Vérane;Stallon;22;Female;dui.suspendisse@gmail.com;02 04 04 68 21
849;Sélène;Ianni;58;Female;egestas.fusce@aol.edu;07 62 43 35 52
850;Kévina;Larkkem;21;Male;ipsum@gmail.com;06.07.13.60.32
851;Märta;Cathro;70;Female;duis.elementum@outlook.com;02.04.98.14.96
852;Andrée;Lunge;34;Male;ornare.lectus@gmail.fr;+336.89.87.13.26
853;Rébecca;Carlton;100;Female;taciti.sociosqu.ad@gmail.com;06.49.97.41.51
854;Annotés;Figgs;43;Female;erat.vivamus.nisi@gmail.fr;06 26 71 11 58
855;Frédérique;Stallybrass;93;Male;augue.id.ante@gmail.com;07.57.45.31.78
856;Simplifiés;Readings;70;Male;fringilla.mi@gmail.com;06.98.24.59.62
857;Esbjörn;Hinks;21;Male;ipsum@gmail.com;06.15.84.31.78
858;Marlène;Pleaden;99;Female;a.mi.fringilla@gmail.edu;06 29 31 07 50
859;Mélia;Spieght;19;Female;metus.urna.convallis@outlook.com;07.06.26.77.14
860;Solène;Braun;16;Female;massa.quisque@aol.fr;07.10.62.92.65
861;Lauréna;Steet;82;Female;malesuada.vel@aol.com;+336 21 58 97 01
862;Gaïa;Dionsetti;23;Female;non.lorem@outlook.com;07.99.17.04.07
863;Réservés;Loidl;16;Male;fusce.diam.nunc@protonmail.com;+336 33 11 82 09
864;Anaëlle;Luttger;95;Female;ac.facilisis.facilisis@outlook.edu;02 16 41 59 99
865;Esbjörn;Challicum;82;Female;purus.gravida@outlook.edu;+337.65.22.19.44
866;Marie-josée;Perello;103;Female;in.molestie@gmail.com;06.69.59.68.58
867;Yè;Sitch;78;Male;ullamcorper.velit@gmail.edu;06.30.79.86.74
868;Cléopatre;Wensley;26;Female;curabitur@gmail.com;+336 71 01 14 22
869;Irène;Aksell;98;Male;nibh.lacinia.orci@protonmail.fr;06 69 35 81 90
870;Geneviève;Ivasyushkin;94;Female;malesuada.vel@gmail.fr;+337 55 11 40 04
871;Océane;Bonome;29;Female;enim.sed@hotmail.com;+337 08 88 49 32
872;Björn;Deny;31;Female;dignissim.pharetra@gmail.com;06 50 64 06 85
873;Göran;Kmieciak;61;Male;non.luctus@gmail.edu;06 51 65 00 93
874;Léonore;Witham;90;Male;nunc.risus.varius@outlook.com;06.35.74.68.97
875;Lorène;Bennison;23;Female;erat@yahoo.fr;+337.09.79.20.38
876;Pénélope;Eddis;67;Female;in.hendrerit.consectetuer@gmail.com;+337 40 58 20 14
877;Lucrèce;Dalloway;67;Female;metus.in.lorem@gmail.com;+336 80 79 68 54
878;Régine;Collyer;86;Male;sit.amet@outlook.com;06.98.89.88.04
879;Laurélie;Willes;34;Male;sagittis.nullam.vitae@aol.edu;07 81 03 29 65
880;Lucrèce;Burgen;42;Female;fringilla@icloud.com;+337.72.00.16.78
881;Mahélie;Labuschagne;53;Male;diam.at.pretium@outlook.com;06.46.74.50.73
882;Pål;Peirazzi;105;Female;non.luctus@outlook.com;+336 60 21 41 47
883;Rachèle;Maryska;20;Male;mauris.vestibulum@gmail.com;07 32 94 14 84
884;Méline;MacLise;68;Male;commodo.at@outlook.com;+336.86.14.18.73
885;Judicaël;Moggie;87;Female;elementum.lorem@gmail.com;02 31 03 36 95
886;Réservés;Dunbleton;46;Male;nunc.in@gmail.com;+336.61.13.70.61
887;Dorothée;Strangeway;66;Female;orci.in@gmail.com;07 31 43 57 39
888;Mélissandre;Truckett;57;Male;vestibulum.lorem@yahoo.com;06 76 39 90 05
889;Eléa;Killock;31;Female;metus.urna@aol.fr;+337.68.67.81.45
890;Mélanie;Poleykett;58;Female;mauris.a@gmail.com;02.93.96.86.65
891;Tán;Bellord;46;Female;ridiculus.mus.aenean@yahoo.fr;06 45 70 86 98
892;Stéphanie;MacEllen;45;Female;molestie@gmail.com;+337.70.49.98.89
893;Vénus;Linbohm;89;Female;sollicitudin@aol.com;+336 52 15 92 83
894;Pò;Bergen;89;Female;lectus@gmail.com;02 98 90 20 24
895;Illustrée;Whitland;58;Female;quam.a.felis@gmail.com;+336 50 83 31 17
896;Loïs;Lante;42;Female;gravida.aliquam@outlook.fr;07.02.07.79.28
897;Maëlyss;Gwinn;30;Male;pede.blandit134@gmail.com;06 24 79 09 36
898;Kù;Manueli;56;Female;ipsum@gmail.com;06.89.01.33.53
899;Valérie;Ebrall;68;Female;sit@gmail.edu;+337.88.10.76.39
900;Kallisté;Bucknill;65;Female;fusce.mollis@yahoo.com;+336.94.71.96.67
901;Réservés;Stanley;86;Male;mi.duis@gmail.fr;06 62 36 35 30
902;Nadège;Peckett;65;Male;sed.auctor@hotmail.com;07.69.62.79.10
903;Frédérique;Woehler;88;Female;amet.ultricies@gmail.edu;02.04.44.55.94
904;Valérie;Itzig;79;Female;dapibus@gmail.com;+336 54 31 26 99
905;Faîtes;Wigfall;21;Male;cursus.a@outlook.edu;+336.14.70.90.76
906;Méryl;O'Skehan;95;Male;arcu@gmail.com;07 75 60 23 07
907;Göran;Yegorshin;75;Male;donec.at@aol.com;07.39.25.94.35
908;Célestine;Matissoff;93;Male;aliquam.eu.accumsan@hotmail.com;06.59.53.55.95
909;Laurène;Quixley;110;Male;iaculis.nec@hotmail.edu;02 06 62 93 33
910;Nélie;Chisholm;38;Female;erat@gmail.fr;07 56 00 10 43
911;Gösta;Saturley;21;Male;nunc@outlook.com;02 03 51 53 89
912;Maéna;Matley;109;Female;sed.tortor@gmail.com;02 13 75 11 33
913;Almérinda;Kiloh;47;Female;volutpat.ornare@outlook.edu;06.56.16.43.03
914;Renée;MacConneely;60;Male;tristique.ac@protonmail.com;07 07 68 72 28
915;Wá;Michelin;32;Female;fermentum.fermentum@gmail.com;+337 50 49 42 96
916;Cléa;Chadderton;97;Male;arcu@gmail.com;06.55.35.30.88
917;Loïs;Timberlake;80;Female;egestas.ligula.nullam@gmail.com;02.82.58.08.00
918;Estève;Sarfati;28;Male;mauris.vestibulum@outlook.edu;06 24 37 64 91
919;Célia;Sibbons;37;Female;cubilia.curae@outlook.fr;06 94 14 52 96
920;Andréanne;Grigson;83;Male;pede@yahoo.fr;06.62.62.16.20
921;Yè;Cornner;60;Female;ipsum.cursus.vestibulum@outlook.com;+336.03.50.88.47
922;Cunégonde;Boylund;74;Male;lectus.rutrum@protonmail.fr;07.48.62.28.43
923;Nélie;Barfitt;45;Male;lorem.donec@outlook.edu;02 46 90 04 87
924;Loïc;Peebles;55;Male;vel.convallis@hotmail.fr;+337.79.87.50.95
925;Andréanne;Howden;47;Male;magna.cras@protonmail.com;06.16.10.53.12
926;Méghane;Tarling;36;Male;cras.lorem@outlook.com;06.21.04.92.57
927;Maïly;Rallin;98;Male;cras@gmail.com;06.08.79.59.80
928;Réservés;Douce;34;Male;ut.nulla@outlook.com;06.33.61.43.32
929;Océanne;Beevers;20;Female;elit.erat.vitae@gmail.edu;+337 93 97 55 07
930;Chloé;Simison;70;Male;interdum@yahoo.com;06.80.75.44.65
931;Estée;Tremathack;16;Female;purus.mauris.a@gmail.com;07.78.97.34.96
932;Aurélie;Jurczyk;83;Female;lectus.a@gmail.com;+337.44.36.83.01
933;Publicité;Precious;44;Male;elit.curabitur@gmail.edu;+337.49.06.68.55
934;Bécassine;Shuttlewood;17;Female;semper.auctor@outlook.com;06 57 47 57 65
935;Cléa;Willgoss;54;Male;praesent.eu@icloud.com;+337 33 22 25 07
936;Athéna;Wolvey;85;Male;sed@protonmail.com;07 83 39 03 42
937;Inès;Winterson;77;Female;a.nunc.in@gmail.com;07.86.40.72.25
938;Béatrice;Hambric;107;Female;ullamcorper.duis@gmail.com;06 84 64 70 42
939;Néhémie;Kenwood;17;Male;venenatis.vel.faucibus@yahoo.com;06 91 04 77 04
940;Hélèna;O'Callaghan;68;Female;ornare@icloud.com;+336 62 81 11 20
941;Märta;Vennard;92;Male;pellentesque.habitant.morbi@outlook.com;06.28.15.39.54
942;Björn;Heaviside;85;Male;laoreet.posuere@aol.com;02.53.72.23.94
943;Gaëlle;Absalom;107;Male;vitae@yahoo.com;06 58 79 93 68
944;Illustrée;Playhill;45;Male;proin.ultrices@gmail.com;07 94 93 85 10
945;Ruì;Vaulkhard;106;Female;gravida.sit@gmail.edu;06 42 34 14 17
946;Marie-noël;Bratch;38;Female;tortor@gmail.com;02.67.76.66.30
947;André;Losebie;67;Male;nullam@yahoo.com;+337.65.66.56.30
948;Léana;Goreway;25;Male;nascetur@outlook.com;02.73.65.90.21
949;Maéna;Charles;28;Female;mi.fringilla@yahoo.com;06 77 53 55 17
950;Mårten;McGrayle;41;Male;hendrerit.donec@yahoo.com;+336 04 65 23 41
951;Bénédicte;Antrim;94;Female;luctus.et.ultrices@gmail.com;06.70.17.08.22
952;Bécassine;Tolomio;49;Female;erat@hotmail.com;06 56 05 33 38
953;Anaé;Minty;50;Male;commodo.ipsum.suspendisse@outlook.com;06 45 65 80 04
954;Stéphanie;Manvell;47;Male;nonummy.ac@aol.com;06.94.70.63.11
955;Eléa;Burdett;78;Female;odio.auctor@outlook.fr;02 14 67 02 63
956;Marie-thérèse;Walklott;66;Male;vestibulum.ante@gmail.edu;+337 57 42 67 72
957;Méline;Hardistry;68;Male;leo@outlook.com;+337 15 10 46 76
958;Mélinda;Battleson;103;Female;placerat@gmail.fr;07.20.42.56.09
959;Léandre;Teideman;78;Male;orci.phasellus.dapibus@hotmail.com;+336.87.92.21.17
960;Yè;Diable;60;Male;sagittis@gmail.fr;+336.85.25.63.63
961;Lucrèce;Ebbing;32;Male;urna.ut.tincidunt@protonmail.fr;07 03 26 24 18
962;Léandre;Clawsley;58;Male;aliquet.sem@outlook.com;07.76.57.70.66
963;Simplifiés;Lawerence;36;Female;dapibus.gravida@gmail.com;06.46.05.63.42
964;Angélique;Bottrill;51;Male;in.sodales@gmail.com;02.54.07.08.56
965;Andrée;Bracey;48;Male;purus.sapien@outlook.com;+337.69.30.79.55
966;Kévina;Greenhalf;21;Female;arcu@hotmail.com;+337 16 86 95 86
967;Bérengère;Oleksiak;109;Male;felis@gmail.com;+337.69.26.21.43
968;Noémie;Syne;19;Male;commodo.at.libero@gmail.com;+337.91.85.82.97
969;Agnès;Manzell;75;Male;natoque.penatibus@gmail.com;02 35 25 04 30
970;Táng;Custy;106;Male;massa.suspendisse@gmail.fr;02 37 28 53 32
971;Inès;Kollatsch;74;Male;leo@protonmail.edu;+336.19.89.22.65
972;Réservés;Shoppee;95;Female;volutpat.nulla@outlook.edu;06.00.59.19.25
973;Mén;Ollander;110;Male;fermentum.fermentum.arcu@aol.com;06.13.45.63.81
974;Bérangère;Presman;68;Female;arcu.sed@outlook.fr;+336.67.91.55.26
975;Kallisté;Kirckman;69;Male;ut@aol.com;02 80 39 01 90
976;Märta;Bagehot;79;Male;arcu@gmail.com;07 25 65 32 73
977;Gaétane;Herity;108;Female;tempus@gmail.com;02 14 49 52 12
978;Annotée;Sim;95;Male;donec.tincidunt.donec@outlook.fr;06 79 97 96 15
979;Maëline;Petch;32;Male;etiam.vestibulum@gmail.com;07.63.95.52.22
980;Desirée;Hryniewicz;64;Male;sagittis.duis@hotmail.edu;06.74.42.37.21
981;Maëly;Aldiss;104;Female;egestas@outlook.com;+336 25 98 36 12
982;Kallisté;Lubomirski;49;Male;quam@protonmail.com;+336.37.20.56.12
983;Loïs;Deluze;46;Female;urna.justo@icloud.com;06 33 53 26 67
984;Uò;O' Liddy;53;Female;vivamus.sit.amet@gmail.com;06.46.28.13.01
985;Anaé;Simpson;88;Male;sagittis.nullam@outlook.com;06 96 61 20 99
986;Gaétane;Kinnerley;51;Male;ac.urna@outlook.com;06.62.06.92.26
987;Lóng;McMurray;81;Male;dolor.dolor.tempus@gmail.com;06 92 78 61 40
988;Lóng;Casale;23;Male;nec.urna@outlook.com;06 52 46 55 00
989;Intéressant;Attree;102;Female;semper.rutrum@hotmail.com;02 88 54 86 28
990;Kévina;Flatt;76;Male;ipsum@hotmail.com;07 84 07 18 21
991;Marie-françoise;Grishechkin;78;Female;sed.molestie@outlook.com;06 96 69 28 74
992;Michèle;Danilyuk;18;Female;dolor.fusce@outlook.com;06.40.39.81.61
993;Gwenaëlle;Frear;69;Female;eu.lacus.quisque@gmail.com;06.46.70.00.71
994;Océane;Mosdall;100;Male;auctor.velit.eget@gmail.com;+336.70.29.91.56
995;Laurélie;Eton;97;Female;nunc.mauris.morbi@protonmail.fr;06.04.08.04.31
996;Garçon;Boddymead;32;Female;rhoncus.proin@gmail.com;06 13 45 14 77
997;Loïs;Petrello;92;Female;laoreet.lectus.quis@gmail.fr;06.96.61.71.17
998;Marie-thérèse;Cannam;109;Male;vitae@protonmail.edu;02.85.84.22.09
999;Andréa;Welds;88;Male;sed.nulla@gmail.com;+337 79 56 35 67
1000;Estève;Beseke;106;Male;sit.amet.consectetuer@gmail.fr;02 03 59 00 08
